<rss xmlns:dc="http://purl.org/dc/elements/1.1/" version="2.0" xml:base="https://inte.enviedefraise.fr/kop/video/">
<channel>
<title>enviedefraise</title>
<link>https://inte.enviedefraise.fr/kop/video/</link>
<description/>

<item><title> 	watch gcbyv gfdg sfsd livesfsdgfd stream</title><link>	https://inte.enviedefraise.fr/kop/video/video-edinburgh-bayonne-rug-direct-frtv1708.html	</link><description>&lt;div class=&quot;field field-name-field-date field-type-datetime field-label-above;/div&gt;</description><dc:creator>royal</dc:creator><guid isPermaLink="false">13584 at	https://inte.enviedefraise.fr/kop/video/video-edinburgh-bayonne-rug-direct-frtv1708.html	</guid></item>
<item><title> 	watch gcbyv gfdg sfsd livesfsdgfd stream</title><link>	https://inte.enviedefraise.fr/kop/video/video-edinburgh-bayonne-rug-direct-frtv1707.html	</link><description>&lt;div class=&quot;field field-name-field-date field-type-datetime field-label-above;/div&gt;</description><dc:creator>royal</dc:creator><guid isPermaLink="false">13584 at	https://inte.enviedefraise.fr/kop/video/video-edinburgh-bayonne-rug-direct-frtv1707.html	</guid></item>
<item><title> 	watch gcbyv gfdg sfsd livesfsdgfd stream</title><link>	https://inte.enviedefraise.fr/kop/video/video-edinburgh-bayonne-rug-direct-frtv1706.html	</link><description>&lt;div class=&quot;field field-name-field-date field-type-datetime field-label-above;/div&gt;</description><dc:creator>royal</dc:creator><guid isPermaLink="false">13584 at	https://inte.enviedefraise.fr/kop/video/video-edinburgh-bayonne-rug-direct-frtv1706.html	</guid></item>
<item><title> 	watch gcbyv gfdg sfsd livesfsdgfd stream</title><link>	https://inte.enviedefraise.fr/kop/video/video-edinburgh-bayonne-rug-direct-frtv1705.html	</link><description>&lt;div class=&quot;field field-name-field-date field-type-datetime field-label-above;/div&gt;</description><dc:creator>royal</dc:creator><guid isPermaLink="false">13584 at	https://inte.enviedefraise.fr/kop/video/video-edinburgh-bayonne-rug-direct-frtv1705.html	</guid></item>
<item><title> 	watch gcbyv gfdg sfsd livesfsdgfd stream</title><link>	https://inte.enviedefraise.fr/kop/video/video-edinburgh-bayonne-rug-direct-frtv1704.html	</link><description>&lt;div class=&quot;field field-name-field-date field-type-datetime field-label-above;/div&gt;</description><dc:creator>royal</dc:creator><guid isPermaLink="false">13584 at	https://inte.enviedefraise.fr/kop/video/video-edinburgh-bayonne-rug-direct-frtv1704.html	</guid></item>
<item><title> 	watch gcbyv gfdg sfsd livesfsdgfd stream</title><link>	https://inte.enviedefraise.fr/kop/video/video-edinburgh-bayonne-rug-direct-frtv1703.html	</link><description>&lt;div class=&quot;field field-name-field-date field-type-datetime field-label-above;/div&gt;</description><dc:creator>royal</dc:creator><guid isPermaLink="false">13584 at	https://inte.enviedefraise.fr/kop/video/video-edinburgh-bayonne-rug-direct-frtv1703.html	</guid></item>
<item><title> 	watch gcbyv gfdg sfsd livesfsdgfd stream</title><link>	https://inte.enviedefraise.fr/kop/video/video-edinburgh-bayonne-rug-direct-frtv1702.html	</link><description>&lt;div class=&quot;field field-name-field-date field-type-datetime field-label-above;/div&gt;</description><dc:creator>royal</dc:creator><guid isPermaLink="false">13584 at	https://inte.enviedefraise.fr/kop/video/video-edinburgh-bayonne-rug-direct-frtv1702.html	</guid></item>
<item><title> 	watch gcbyv gfdg sfsd livesfsdgfd stream</title><link>	https://inte.enviedefraise.fr/kop/video/video-edinburgh-bayonne-rug-direct-frtv1701.html	</link><description>&lt;div class=&quot;field field-name-field-date field-type-datetime field-label-above;/div&gt;</description><dc:creator>royal</dc:creator><guid isPermaLink="false">13584 at	https://inte.enviedefraise.fr/kop/video/video-edinburgh-bayonne-rug-direct-frtv1701.html	</guid></item>

</channel>
</rss>