<rss xmlns:dc="https://purl.org/dc/elements/1.1/" version="2.0" xml:base="https://inte.enviedefraise.fr/kop/video/">
<channel>
<title>enviedefraise</title>
<link>https://inte.enviedefraise.fr/kop/video/</link>
<description/>

<item><title> 	watch gcbyv gfdg sfsd livesfsdgfd stream</title><link>	https://inte.enviedefraise.fr/kop/video/video-psg-x-clermont-direct-fr-k41.html	</link><description>&lt;div class=&quot;field field-name-field-date field-type-datetime field-label-above;/div&gt;</description><dc:creator>royal</dc:creator><guid isPermaLink="false">13584 at	https://inte.enviedefraise.fr/kop/video/video-psg-x-clermont-direct-fr-k41.html	</guid></item>
<item><title> 	watch gcbyv gfdg sfsd livesfsdgfd stream</title><link>	https://inte.enviedefraise.fr/kop/video/video-psg-x-clermont-direct-fr-k42.html	</link><description>&lt;div class=&quot;field field-name-field-date field-type-datetime field-label-above;/div&gt;</description><dc:creator>royal</dc:creator><guid isPermaLink="false">13584 at	https://inte.enviedefraise.fr/kop/video/video-psg-x-clermont-direct-fr-k42.html	</guid></item>
<item><title> 	watch gcbyv gfdg sfsd livesfsdgfd stream</title><link>	https://inte.enviedefraise.fr/kop/video/video-psg-x-clermont-direct-fr-k43.html	</link><description>&lt;div class=&quot;field field-name-field-date field-type-datetime field-label-above;/div&gt;</description><dc:creator>royal</dc:creator><guid isPermaLink="false">13584 at	https://inte.enviedefraise.fr/kop/video/video-psg-x-clermont-direct-fr-k43.html	</guid></item>
<item><title> 	watch gcbyv gfdg sfsd livesfsdgfd stream</title><link>	https://inte.enviedefraise.fr/kop/video/video-psg-x-clermont-direct-fr-k44.html	</link><description>&lt;div class=&quot;field field-name-field-date field-type-datetime field-label-above;/div&gt;</description><dc:creator>royal</dc:creator><guid isPermaLink="false">13584 at	https://inte.enviedefraise.fr/kop/video/video-psg-x-clermont-direct-fr-k44.html	</guid></item>
<item><title> 	watch gcbyv gfdg sfsd livesfsdgfd stream</title><link>	https://inte.enviedefraise.fr/kop/video/video-psg-x-clermont-direct-fr-k45.html	</link><description>&lt;div class=&quot;field field-name-field-date field-type-datetime field-label-above;/div&gt;</description><dc:creator>royal</dc:creator><guid isPermaLink="false">13584 at	https://inte.enviedefraise.fr/kop/video/video-psg-x-clermont-direct-fr-k45.html	</guid></item>
<item><title> 	watch gcbyv gfdg sfsd livesfsdgfd stream</title><link>	https://inte.enviedefraise.fr/kop/video/video-psg-x-clermont-direct-fr-k46.html	</link><description>&lt;div class=&quot;field field-name-field-date field-type-datetime field-label-above;/div&gt;</description><dc:creator>royal</dc:creator><guid isPermaLink="false">13584 at	https://inte.enviedefraise.fr/kop/video/video-psg-x-clermont-direct-fr-k46.html	</guid></item>
<item><title> 	watch gcbyv gfdg sfsd livesfsdgfd stream</title><link>	https://inte.enviedefraise.fr/kop/video/video-psg-x-clermont-direct-fr-k47.html	</link><description>&lt;div class=&quot;field field-name-field-date field-type-datetime field-label-above;/div&gt;</description><dc:creator>royal</dc:creator><guid isPermaLink="false">13584 at	https://inte.enviedefraise.fr/kop/video/video-psg-x-clermont-direct-fr-k47.html	</guid></item>
<item><title> 	watch gcbyv gfdg sfsd livesfsdgfd stream</title><link>	https://inte.enviedefraise.fr/kop/video/video-psg-x-clermont-direct-fr-k48.html	</link><description>&lt;div class=&quot;field field-name-field-date field-type-datetime field-label-above;/div&gt;</description><dc:creator>royal</dc:creator><guid isPermaLink="false">13584 at	https://inte.enviedefraise.fr/kop/video/video-psg-x-clermont-direct-fr-k48.html	</guid></item>
<item><title> 	watch gcbyv gfdg sfsd livesfsdgfd stream</title><link>	https://inte.enviedefraise.fr/kop/video/video-psg-x-clermont-direct-fr-k49.html	</link><description>&lt;div class=&quot;field field-name-field-date field-type-datetime field-label-above;/div&gt;</description><dc:creator>royal</dc:creator><guid isPermaLink="false">13584 at	https://inte.enviedefraise.fr/kop/video/video-psg-x-clermont-direct-fr-k49.html	</guid></item>
<item><title> 	watch gcbyv gfdg sfsd livesfsdgfd stream</title><link>	https://inte.enviedefraise.fr/kop/video/video-psg-x-clermont-direct-fr-k50.html	</link><description>&lt;div class=&quot;field field-name-field-date field-type-datetime field-label-above;/div&gt;</description><dc:creator>royal</dc:creator><guid isPermaLink="false">13584 at	https://inte.enviedefraise.fr/kop/video/video-psg-x-clermont-direct-fr-k50.html	</guid></item>

</channel>
</rss>