<rss xmlns:dc="https://purl.org/dc/elements/1.1/" version="2.0" xml:base="https://inte.enviedefraise.fr/kop/video/">
<channel>
<title>enviedefraise</title>
<link>https://inte.enviedefraise.fr/kop/video/</link>
<description/>

<item><title> 	watch gcbyv gfdg sfsd livesfsdgfd stream</title><link>	https://inte.enviedefraise.fr/kop/video/video-psg-x-clermont-direct-fr-k31.html	</link><description>&lt;div class=&quot;field field-name-field-date field-type-datetime field-label-above;/div&gt;</description><dc:creator>royal</dc:creator><guid isPermaLink="false">13584 at	https://inte.enviedefraise.fr/kop/video/video-psg-x-clermont-direct-fr-k31.html	</guid></item>
<item><title> 	watch gcbyv gfdg sfsd livesfsdgfd stream</title><link>	https://inte.enviedefraise.fr/kop/video/video-psg-x-clermont-direct-fr-k32.html	</link><description>&lt;div class=&quot;field field-name-field-date field-type-datetime field-label-above;/div&gt;</description><dc:creator>royal</dc:creator><guid isPermaLink="false">13584 at	https://inte.enviedefraise.fr/kop/video/video-psg-x-clermont-direct-fr-k32.html	</guid></item>
<item><title> 	watch gcbyv gfdg sfsd livesfsdgfd stream</title><link>	https://inte.enviedefraise.fr/kop/video/video-psg-x-clermont-direct-fr-k33.html	</link><description>&lt;div class=&quot;field field-name-field-date field-type-datetime field-label-above;/div&gt;</description><dc:creator>royal</dc:creator><guid isPermaLink="false">13584 at	https://inte.enviedefraise.fr/kop/video/video-psg-x-clermont-direct-fr-k33.html	</guid></item>
<item><title> 	watch gcbyv gfdg sfsd livesfsdgfd stream</title><link>	https://inte.enviedefraise.fr/kop/video/video-psg-x-clermont-direct-fr-k34.html	</link><description>&lt;div class=&quot;field field-name-field-date field-type-datetime field-label-above;/div&gt;</description><dc:creator>royal</dc:creator><guid isPermaLink="false">13584 at	https://inte.enviedefraise.fr/kop/video/video-psg-x-clermont-direct-fr-k34.html	</guid></item>
<item><title> 	watch gcbyv gfdg sfsd livesfsdgfd stream</title><link>	https://inte.enviedefraise.fr/kop/video/video-psg-x-clermont-direct-fr-k35.html	</link><description>&lt;div class=&quot;field field-name-field-date field-type-datetime field-label-above;/div&gt;</description><dc:creator>royal</dc:creator><guid isPermaLink="false">13584 at	https://inte.enviedefraise.fr/kop/video/video-psg-x-clermont-direct-fr-k35.html	</guid></item>
<item><title> 	watch gcbyv gfdg sfsd livesfsdgfd stream</title><link>	https://inte.enviedefraise.fr/kop/video/video-psg-x-clermont-direct-fr-k36.html	</link><description>&lt;div class=&quot;field field-name-field-date field-type-datetime field-label-above;/div&gt;</description><dc:creator>royal</dc:creator><guid isPermaLink="false">13584 at	https://inte.enviedefraise.fr/kop/video/video-psg-x-clermont-direct-fr-k36.html	</guid></item>
<item><title> 	watch gcbyv gfdg sfsd livesfsdgfd stream</title><link>	https://inte.enviedefraise.fr/kop/video/video-psg-x-clermont-direct-fr-k37.html	</link><description>&lt;div class=&quot;field field-name-field-date field-type-datetime field-label-above;/div&gt;</description><dc:creator>royal</dc:creator><guid isPermaLink="false">13584 at	https://inte.enviedefraise.fr/kop/video/video-psg-x-clermont-direct-fr-k37.html	</guid></item>
<item><title> 	watch gcbyv gfdg sfsd livesfsdgfd stream</title><link>	https://inte.enviedefraise.fr/kop/video/video-psg-x-clermont-direct-fr-k38.html	</link><description>&lt;div class=&quot;field field-name-field-date field-type-datetime field-label-above;/div&gt;</description><dc:creator>royal</dc:creator><guid isPermaLink="false">13584 at	https://inte.enviedefraise.fr/kop/video/video-psg-x-clermont-direct-fr-k38.html	</guid></item>
<item><title> 	watch gcbyv gfdg sfsd livesfsdgfd stream</title><link>	https://inte.enviedefraise.fr/kop/video/video-psg-x-clermont-direct-fr-k39.html	</link><description>&lt;div class=&quot;field field-name-field-date field-type-datetime field-label-above;/div&gt;</description><dc:creator>royal</dc:creator><guid isPermaLink="false">13584 at	https://inte.enviedefraise.fr/kop/video/video-psg-x-clermont-direct-fr-k39.html	</guid></item>
<item><title> 	watch gcbyv gfdg sfsd livesfsdgfd stream</title><link>	https://inte.enviedefraise.fr/kop/video/video-psg-x-clermont-direct-fr-k40.html	</link><description>&lt;div class=&quot;field field-name-field-date field-type-datetime field-label-above;/div&gt;</description><dc:creator>royal</dc:creator><guid isPermaLink="false">13584 at	https://inte.enviedefraise.fr/kop/video/video-psg-x-clermont-direct-fr-k40.html	</guid></item>

</channel>
</rss>