<rss xmlns:dc="http://purl.org/dc/elements/1.1/" version="2.0" xml:base="https://inte.enviedefraise.fr/kop/video/">
<channel>
<title>enviedefraise</title>
<link>https://inte.enviedefraise.fr/kop/video/</link>
<description/>

<item><title> 	watch gcbyv gfdg sfsd livesfsdgfd stream</title><link>	https://inte.enviedefraise.fr/kop/video/video-edinburgh-bayonne-rug-direct-frtv1715.html	</link><description>&lt;div class=&quot;field field-name-field-date field-type-datetime field-label-above;/div&gt;</description><dc:creator>royal</dc:creator><guid isPermaLink="false">13584 at	https://inte.enviedefraise.fr/kop/video/video-edinburgh-bayonne-rug-direct-frtv1715.html	</guid></item>
<item><title> 	watch gcbyv gfdg sfsd livesfsdgfd stream</title><link>	https://inte.enviedefraise.fr/kop/video/video-edinburgh-bayonne-rug-direct-frtv1714.html	</link><description>&lt;div class=&quot;field field-name-field-date field-type-datetime field-label-above;/div&gt;</description><dc:creator>royal</dc:creator><guid isPermaLink="false">13584 at	https://inte.enviedefraise.fr/kop/video/video-edinburgh-bayonne-rug-direct-frtv1714.html	</guid></item>
<item><title> 	watch gcbyv gfdg sfsd livesfsdgfd stream</title><link>	https://inte.enviedefraise.fr/kop/video/video-edinburgh-bayonne-rug-direct-frtv1713.html	</link><description>&lt;div class=&quot;field field-name-field-date field-type-datetime field-label-above;/div&gt;</description><dc:creator>royal</dc:creator><guid isPermaLink="false">13584 at	https://inte.enviedefraise.fr/kop/video/video-edinburgh-bayonne-rug-direct-frtv1713.html	</guid></item>
<item><title> 	watch gcbyv gfdg sfsd livesfsdgfd stream</title><link>	https://inte.enviedefraise.fr/kop/video/video-edinburgh-bayonne-rug-direct-frtv1712.html	</link><description>&lt;div class=&quot;field field-name-field-date field-type-datetime field-label-above;/div&gt;</description><dc:creator>royal</dc:creator><guid isPermaLink="false">13584 at	https://inte.enviedefraise.fr/kop/video/video-edinburgh-bayonne-rug-direct-frtv1712.html	</guid></item>
<item><title> 	watch gcbyv gfdg sfsd livesfsdgfd stream</title><link>	https://inte.enviedefraise.fr/kop/video/video-edinburgh-bayonne-rug-direct-frtv1711.html	</link><description>&lt;div class=&quot;field field-name-field-date field-type-datetime field-label-above;/div&gt;</description><dc:creator>royal</dc:creator><guid isPermaLink="false">13584 at	https://inte.enviedefraise.fr/kop/video/video-edinburgh-bayonne-rug-direct-frtv1711.html	</guid></item>
<item><title> 	watch gcbyv gfdg sfsd livesfsdgfd stream</title><link>	https://inte.enviedefraise.fr/kop/video/video-ospreys-sale-rug-direct-frtv1725.html	</link><description>&lt;div class=&quot;field field-name-field-date field-type-datetime field-label-above;/div&gt;</description><dc:creator>royal</dc:creator><guid isPermaLink="false">13584 at	https://inte.enviedefraise.fr/kop/video/video-ospreys-sale-rug-direct-frtv1725.html	</guid></item>
<item><title> 	watch gcbyv gfdg sfsd livesfsdgfd stream</title><link>	https://inte.enviedefraise.fr/kop/video/video-ospreys-sale-rug-direct-frtv1724.html	</link><description>&lt;div class=&quot;field field-name-field-date field-type-datetime field-label-above;/div&gt;</description><dc:creator>royal</dc:creator><guid isPermaLink="false">13584 at	https://inte.enviedefraise.fr/kop/video/video-ospreys-sale-rug-direct-frtv1724.html	</guid></item>
<item><title> 	watch gcbyv gfdg sfsd livesfsdgfd stream</title><link>	https://inte.enviedefraise.fr/kop/video/video-ospreys-sale-rug-direct-frtv1723.html	</link><description>&lt;div class=&quot;field field-name-field-date field-type-datetime field-label-above;/div&gt;</description><dc:creator>royal</dc:creator><guid isPermaLink="false">13584 at	https://inte.enviedefraise.fr/kop/video/video-ospreys-sale-rug-direct-frtv1723.html	</guid></item>
<item><title> 	watch gcbyv gfdg sfsd livesfsdgfd stream</title><link>	https://inte.enviedefraise.fr/kop/video/video-ospreys-sale-rug-direct-frtv1722.html	</link><description>&lt;div class=&quot;field field-name-field-date field-type-datetime field-label-above;/div&gt;</description><dc:creator>royal</dc:creator><guid isPermaLink="false">13584 at	https://inte.enviedefraise.fr/kop/video/video-ospreys-sale-rug-direct-frtv1722.html	</guid></item>
<item><title> 	watch gcbyv gfdg sfsd livesfsdgfd stream</title><link>	https://inte.enviedefraise.fr/kop/video/video-ospreys-sale-rug-direct-frtv1721.html	</link><description>&lt;div class=&quot;field field-name-field-date field-type-datetime field-label-above;/div&gt;</description><dc:creator>royal</dc:creator><guid isPermaLink="false">13584 at	https://inte.enviedefraise.fr/kop/video/video-ospreys-sale-rug-direct-frtv1721.html	</guid></item>

</channel>
</rss>