<rss xmlns:dc="https://purl.org/dc/elements/1.1/" version="2.0" xml:base="https://inte.enviedefraise.fr/kop/video/">
<channel>
<title>enviedefraise</title>
<link>https://inte.enviedefraise.fr/kop/video/</link>
<description/>

<item><title> 	watch gcbyv gfdg sfsd livesfsdgfd stream</title><link>	https://inte.enviedefraise.fr/kop/video/video-uswnt-v-japan-liv_hd-en-jp-710000000000101.html	</link><description>&lt;div class=&quot;field field-name-field-date field-type-datetime field-label-above;/div&gt;</description><dc:creator>royal</dc:creator><guid isPermaLink="false">13584 at	https://inte.enviedefraise.fr/kop/video/video-uswnt-v-japan-liv_hd-en-jp-710000000000101.html	</guid></item>
<item><title> 	watch gcbyv gfdg sfsd livesfsdgfd stream</title><link>	https://inte.enviedefraise.fr/kop/video/video-uswnt-v-japan-liv_hd-en-jp-710000000000102.html	</link><description>&lt;div class=&quot;field field-name-field-date field-type-datetime field-label-above;/div&gt;</description><dc:creator>royal</dc:creator><guid isPermaLink="false">13584 at	https://inte.enviedefraise.fr/kop/video/video-uswnt-v-japan-liv_hd-en-jp-710000000000102.html	</guid></item>
<item><title> 	watch gcbyv gfdg sfsd livesfsdgfd stream</title><link>	https://inte.enviedefraise.fr/kop/video/video-uswnt-v-japan-liv_hd-en-jp-710000000000103.html	</link><description>&lt;div class=&quot;field field-name-field-date field-type-datetime field-label-above;/div&gt;</description><dc:creator>royal</dc:creator><guid isPermaLink="false">13584 at	https://inte.enviedefraise.fr/kop/video/video-uswnt-v-japan-liv_hd-en-jp-710000000000103.html	</guid></item>
<item><title> 	watch gcbyv gfdg sfsd livesfsdgfd stream</title><link>	https://inte.enviedefraise.fr/kop/video/video-uswnt-v-japan-liv_hd-en-jp-710000000000104.html	</link><description>&lt;div class=&quot;field field-name-field-date field-type-datetime field-label-above;/div&gt;</description><dc:creator>royal</dc:creator><guid isPermaLink="false">13584 at	https://inte.enviedefraise.fr/kop/video/video-uswnt-v-japan-liv_hd-en-jp-710000000000104.html	</guid></item>
<item><title> 	watch gcbyv gfdg sfsd livesfsdgfd stream</title><link>	https://inte.enviedefraise.fr/kop/video/video-uswnt-v-japan-liv_hd-en-jp-710000000000105.html	</link><description>&lt;div class=&quot;field field-name-field-date field-type-datetime field-label-above;/div&gt;</description><dc:creator>royal</dc:creator><guid isPermaLink="false">13584 at	https://inte.enviedefraise.fr/kop/video/video-uswnt-v-japan-liv_hd-en-jp-710000000000105.html	</guid></item>
<item><title> 	watch gcbyv gfdg sfsd livesfsdgfd stream</title><link>	https://inte.enviedefraise.fr/kop/video/video-uswnt-v-japan-liv_hd-en-jp-710000000000106.html	</link><description>&lt;div class=&quot;field field-name-field-date field-type-datetime field-label-above;/div&gt;</description><dc:creator>royal</dc:creator><guid isPermaLink="false">13584 at	https://inte.enviedefraise.fr/kop/video/video-uswnt-v-japan-liv_hd-en-jp-710000000000106.html	</guid></item>
<item><title> 	watch gcbyv gfdg sfsd livesfsdgfd stream</title><link>	https://inte.enviedefraise.fr/kop/video/video-uswnt-v-japan-liv_hd-en-jp-710000000000107.html	</link><description>&lt;div class=&quot;field field-name-field-date field-type-datetime field-label-above;/div&gt;</description><dc:creator>royal</dc:creator><guid isPermaLink="false">13584 at	https://inte.enviedefraise.fr/kop/video/video-uswnt-v-japan-liv_hd-en-jp-710000000000107.html	</guid></item>
<item><title> 	watch gcbyv gfdg sfsd livesfsdgfd stream</title><link>	https://inte.enviedefraise.fr/kop/video/video-uswnt-v-japan-liv_hd-en-jp-710000000000108.html	</link><description>&lt;div class=&quot;field field-name-field-date field-type-datetime field-label-above;/div&gt;</description><dc:creator>royal</dc:creator><guid isPermaLink="false">13584 at	https://inte.enviedefraise.fr/kop/video/video-uswnt-v-japan-liv_hd-en-jp-710000000000108.html	</guid></item>
<item><title> 	watch gcbyv gfdg sfsd livesfsdgfd stream</title><link>	https://inte.enviedefraise.fr/kop/video/video-uswnt-v-japan-liv_hd-en-jp-710000000000109.html	</link><description>&lt;div class=&quot;field field-name-field-date field-type-datetime field-label-above;/div&gt;</description><dc:creator>royal</dc:creator><guid isPermaLink="false">13584 at	https://inte.enviedefraise.fr/kop/video/video-uswnt-v-japan-liv_hd-en-jp-710000000000109.html	</guid></item>
<item><title> 	watch gcbyv gfdg sfsd livesfsdgfd stream</title><link>	https://inte.enviedefraise.fr/kop/video/video-uswnt-v-japan-liv_hd-en-jp-710000000000110.html	</link><description>&lt;div class=&quot;field field-name-field-date field-type-datetime field-label-above;/div&gt;</description><dc:creator>royal</dc:creator><guid isPermaLink="false">13584 at	https://inte.enviedefraise.fr/kop/video/video-uswnt-v-japan-liv_hd-en-jp-710000000000110.html	</guid></item>

</channel>
</rss>